"Feature.ID","ID","SUM","R_A17_1","R_A17_2","R_A17_3","R_A17_4","R_A17_5","R_dmi2_5","R_dmi2_1","R_dmi2_2","R_dmi2_3","R_dmi2_4","R_dmi3_1","R_dmi3_3","R_dmi3_2","R_dmi3_5","R_dmi3_4","R_ipd3_1","R_ipd3_2","R_ipd3_3","R_ipd3_4","R_ipd3_5","R_lyk3_1","R_lyk3_3","R_lyk3_2","R_lyk3_4","R_lyk3_5","R_nfp_1","R_nfp_2","R_nfp_3","R_nfp_4","R_nfp_5","R_pt4_1","R_pt4_3","R_pt4_5","R_pt4_2","R_pt4_4","RS_A17_1","RS_A17_3","RS_A17_2","RS_A17_5","RS_A17_4","CK_1","CK_2","CK_3","CK_4","CK_5","RS_dmi2_1","RS_dmi2_4","RS_dmi2_2","RS_dmi2_3","RS_dmi2_5","RS_dmi3_1","RS_dmi3_2","RS_dmi3_3","RS_dmi3_4","RS_dmi3_5","RS_ipd3_1","RS_ipd3_3","RS_ipd3_4","RS_ipd3_5","RS_ipd3_2","RS_lyk3_1","RS_lyk3_3","RS_lyk3_2","RS_lyk3_4","RS_lyk3_5","RS_nfp_1","RS_nfp_2","RS_nfp_3","RS_nfp_4","RS_nfp_5","RS_pt4_2","RS_pt4_3","RS_pt4_1","RS_pt4_4","RS_pt4_5"
"fbcd1b025b6eb7e520f682628bc70a27","OTU1","10533",136462.1812,467515.7861,0,312273.2311,0,0,0,149190.822,0,0,0,0,0,0,0,180700.8006,297222.4515,405166.2433,200487.1829,241219.6418,0,0,174881.3842,344418.8133,721135.0717,0,504794.3726,85845.29897,85286.28175,714360.5115,0,0,0,0,0,0,156290.0744,0,63504.25331,0,0,0,0,0,0,0,0,120296.9013,0,50039.56617,0,0,0,0,0,0,28538.34443,0,0,0,0,0,0,96423.25068,127034.6429,0,0,48575.12222,0,10595.83719,0,144908.6107,0,0,0
"3ed60dddd2d2f3f27c7983c32cd4d0fe","OTU2","4759",0,94227.9879,211143.7781,338595.1127,0,0,0,0,0,0,0,0,0,0,0,0,65184.6293,0,0,277204.8671,818870.9808,0,0,181911.345,0,265521.1606,0,0,0,0,0,0,0,0,0,0,92171.06951,0,45121.44314,0,0,0,0,0,0,0,0,0,0,0,0,0,0,0,0,0,0,0,0,0,0,0,0,0,0,0,0,0,0,0,0,0,0,0,0
"1efb10ca16cfa69cee18c593bf60f039","OTU3","4374",0,0,0,205191.0312,0,0,0,0,0,0,0,0,0,0,0,0,67616.89158,189776.1427,112109.1594,0,103091.0534,106607.7886,0,149571.5504,330433.6496,225182.3689,0,0,139922.806,309470.2577,0,0,0,0,0,0,0,0,0,0,34573.71636,0,0,0,0,0,0,0,0,35993.37216,0,0,0,0,0,0,0,0,0,0,0,0,0,0,0,47506.66778,0,0,87069.46378,0,0,0,0,0,0
"6f491ab27f96dc4d199f536901b69181","OTU4","4232",144350.1685,0,0,0,0,0,0,204927.8426,0,0,0,0,0,0,0,0,0,0,0,467017.0443,0,196445.8128,0,0,270165.877,0,156323.4186,0,0,0,0,0,0,0,0,0,0,0,0,0,0,0,0,0,0,0,0,118527.8292,0,0,0,0,0,0,0,0,0,0,0,0,0,0,0,0,0,24941.00059,0,0,0,0,0,0,0,0,0
"191aa05cc7d8ba047d50a66c93426421","OTU5","3389",0,0,0,0,0,0,0,163020.3084,0,0,0,0,0,0,0,95785.01085,0,193851.0905,0,0,0,0,589364.0351,0,401092.4174,175652.4601,0,306311.635,0,0,0,0,0,0,0,0,0,0,0,0,0,0,0,0,0,0,0,0,0,0,0,0,0,0,0,0,0,0,0,0,0,0,0,0,0,0,0,0,0,0,0,0,101455.9132,0,0
"f8fb6b3eaace88b89f94c812431527c3","OTU6","2252",0,0,0,0,0,0,0,0,0,0,0,0,0,0,0,0,225713.9403,0,117019.0496,131286.7559,0,0,0,314504.5032,142356.6352,0,0,2926.544283,0,223076.4774,0,0,0,0,0,0,0,0,0,0,0,0,0,0,0,0,0,0,0,0,0,0,0,0,0,0,0,0,0,0,0,0,0,0,124671.2077,0,0,0,0,0,0,0,0,0,0
"2e6f6fa5f98f3c2fa5e1310a7b3a9ce9","OTU7","2217",0,0,0,0,117883.23,0,0,0,0,0,0,0,0,0,0,0,63725.27192,0,0,0,0,0,684378.3305,0,87284.36027,0,0,0,0,0,0,0,0,0,0,0,0,0,0,0,0,0,0,0,0,141867.9365,0,0,0,0,0,0,0,0,0,0,0,0,0,71537.30338,0,0,0,141485.3729,0,0,0,0,0,0,0,0,0,0,0
"3e045e8353a012b3eb0fbe4529e792b9","OTU8","1122",0,0,0,0,0,0,0,0,0,0,0,0,0,0,0,0,0,0,0,0,0,0,0,0,0,0,0,0,0,0,0,0,0,0,0,0,0,0,0,0,0,0,0,0,7592.7259,47289.31218,26891.36753,56610.3065,0,0,0,0,0,0,18578.24459,0,0,0,0,111777.0365,0,204020.968,55226.63756,63474.6022,0,0,0,0,13931.1142,17880.47526,40615.92232,0,0,0,0
"54a0b3c0b61b4bf6cc1991e1181747a2","OTU9","1094",0,0,0,0,0,0,0,0,0,0,0,0,0,0,0,0,0,0,0,0,0,0,0,0,0,0,76533.34036,0,0,0,0,0,0,0,0,0,0,0,0,0,0,0,0,0,0,0,0,0,0,0,0,0,0,0,0,0,0,0,0,0,0,0,0,0,0,0,0,0,0,0,0,0,0,0,0
"5a01855b9ecaa7a395da4c840be5ac8f","OTU10","938",0,0,0,0,0,0,0,0,0,0,0,0,0,0,0,0,0,0,0,155013.278,0,0,0,0,0,0,0,0,0,0,0,0,0,0,0,0,0,0,0,0,0,0,0,0,0,0,0,0,0,0,0,0,0,0,0,0,0,0,0,0,0,0,0,0,0,0,0,0,0,0,0,0,0,0,0
"03a5eb44a6a6fc7d0b30bb77786b7cd7","OTU11","921",0,0,0,0,0,0,0,0,0,0,0,0,0,0,0,0,0,0,0,0,0,0,0,0,0,0,0,0,0,0,0,0,0,0,0,0,0,0,0,0,0,0,0,0,0,0,0,0,0,0,0,0,0,0,0,0,0,0,0,0,0,0,0,0,0,0,0,0,0,0,0,0,0,0,0
"a50794fb3accd120c709387b78485327","OTU12","828",0,0,0,0,0,0,0,0,0,0,0,0,0,0,0,0,0,0,0,0,0,0,0,0,0,0,0,0,0,0,0,0,0,0,0,0,0,25098.18205,45957.02542,0,8040.399154,0,0,0,0,0,43439.9014,0,0,0,38143.02036,0,0,0,0,0,0,0,0,0,92480.49502,0,0,0,0,0,32692.65375,0,0,0,0,25157.74491,0,0,0
"1b0aefa4c172a2141b68af598e1ad7b7","OTU13","810",0,0,0,0,0,0,0,0,0,0,0,0,0,0,0,0,0,102455.8316,0,0,0,0,0,0,0,0,0,0,0,0,0,0,0,0,0,0,0,0,0,0,0,0,0,0,0,0,0,0,0,0,0,0,0,0,0,0,0,0,0,0,0,0,0,0,0,0,0,0,0,0,0,0,0,0,0
"0df82d895f1d6a3de0356d3d2aeb7ce8","OTU14","766",0,0,0,0,0,0,0,0,0,0,0,0,0,0,0,0,0,0,0,0,0,0,0,0,0,0,0,0,0,0,0,0,0,0,0,0,0,0,0,0,0,0,0,0,0,0,0,0,0,0,0,0,0,0,0,0,0,0,0,149781.2289,0,0,119657.7147,0,0,0,0,0,0,0,0,62391.20738,0,0,0
"83410f3eb30d06b1193d305b9daffc94","OTU15","747",0,0,0,0,0,0,0,0,0,0,0,0,0,0,0,0,0,0,0,271273.2365,0,0,0,0,0,0,0,0,0,0,0,0,0,0,0,0,0,0,0,0,0,0,0,0,0,0,0,0,0,0,0,0,0,0,0,0,0,0,0,0,0,0,0,0,0,0,0,0,0,0,0,0,27850.64283,0,0
"a4de5f8a783ee32bf63ff04cf1b1744a","OTU16","732",0,0,0,0,0,0,0,0,0,0,0,0,0,0,0,0,0,0,0,0,0,0,0,0,0,0,0,0,0,0,0,0,0,0,0,0,0,0,0,0,0,0,0,0,0,0,0,26536.08117,0,0,0,0,0,0,0,0,0,0,0,91657.16995,0,0,37840.47389,0,0,0,0,0,19735.74512,0,0,0,40781.29843,0,0
"b41ed9236ad4d06ad3b574da38903a5b","OTU17","703",0,0,0,0,0,0,0,0,0,0,0,0,0,0,0,238783.2008,0,0,0,0,0,0,0,0,0,0,0,0,0,0,0,0,0,0,0,0,0,0,0,0,0,0,0,0,0,0,0,0,0,0,0,0,0,0,0,0,0,0,0,0,0,0,0,0,0,0,0,0,0,0,0,0,0,0,0
"80d3a445a0fc1c0fdc05ff4d0a03c0ba","OTU18","651",0,0,0,0,0,0,0,0,0,0,0,0,0,0,0,0,0,0,0,0,0,0,0,401013.454,0,0,198661.0112,0,43975.73903,0,0,0,0,0,0,0,0,0,0,0,0,0,0,0,0,0,0,0,0,0,0,0,0,0,0,0,0,0,0,0,0,0,0,0,0,0,0,0,0,0,0,0,0,0,0
"011e802dcc68da2adb11fac44cd1da64","OTU19","562",0,0,0,0,0,0,0,0,0,0,0,0,0,0,0,0,0,0,0,0,0,0,0,0,0,0,0,0,0,0,0,0,0,0,0,0,28052.06463,0,10026.98736,0,0,5122.076047,0,0,16703.99698,0,0,31843.29741,0,0,0,0,0,0,0,0,0,0,0,0,0,58994.01485,0,0,0,0,0,27525.90259,0,0,0,0,0,0,0
"3a305d5f8d148c1e1aa7bad86b0b18af","OTU20","491",0,0,0,0,0,0,0,0,0,0,0,0,0,0,0,0,0,0,0,0,0,0,0,0,0,0,0,0,0,0,0,0,0,0,0,0,110872.4459,0,0,0,0,0,0,0,0,0,0,0,0,0,0,0,0,0,0,0,0,0,0,0,0,0,0,0,0,0,0,0,0,0,0,0,0,0,0
"58abad7bff40ab11d13421917312716e","OTU21","479",0,0,0,0,0,0,0,0,0,0,0,0,0,0,0,0,0,0,0,189416.7351,0,0,0,0,0,0,0,0,0,0,0,0,0,0,0,0,0,0,0,0,0,0,0,0,0,0,0,0,0,0,0,0,0,0,0,0,0,0,0,0,0,0,0,0,0,0,0,0,0,0,0,0,0,0,0
"d37e39afebd12442dd586906aef13573","OTU22","424",0,0,0,0,0,0,0,0,0,0,0,0,0,0,0,0,0,0,0,0,0,0,0,0,0,0,0,0,0,0,0,0,0,0,0,0,0,0,0,0,0,0,0,0,0,0,0,0,0,0,0,0,0,0,0,0,0,0,0,0,0,0,0,0,0,0,0,0,0,0,0,0,0,0,0
"eea13085d62a26eb07566a34b7b6bf84","OTU23","379",0,0,131351.0712,0,0,0,0,0,0,0,0,0,0,0,0,0,0,0,0,0,0,0,0,0,0,0,0,0,0,119919.7249,0,0,0,0,0,0,0,0,0,0,0,0,0,0,0,0,0,0,0,0,0,0,0,0,0,0,0,0,0,0,0,0,0,0,0,0,0,0,0,0,0,0,0,0,0
"8299feaec3627bfba11c24cba48f5d5c","OTU24","368",0,0,0,0,0,0,0,0,0,0,0,0,0,0,0,0,0,0,0,0,0,0,0,0,0,0,0,0,0,0,0,0,0,0,0,0,0,0,0,0,0,0,0,0,0,71483.84399,0,0,0,0,0,0,0,0,0,0,64859.87371,0,306972.3899,0,0,0,0,0,0,0,0,0,0,0,0,0,0,30099.04794,0
"0a346b2803c2679666801c88bceea65c","OTU25","308",0,0,0,0,0,0,0,0,0,0,0,0,0,0,0,0,0,0,0,0,0,0,0,0,0,0,0,0,0,0,0,0,0,0,0,0,0,0,0,0,16080.79831,0,0,0,0,0,21719.9507,56610.3065,113014.0525,0,0,0,0,0,0,0,0,0,0,0,0,0,0,0,0,0,0,0,0,0,15818.8329,0,0,0,0
"bf40fb5e1832cb56f53d9e1e59789f27","OTU26","296",0,0,0,0,0,0,0,0,0,0,0,0,0,0,0,0,0,0,0,0,0,0,407597.557,0,0,0,0,0,0,0,0,0,0,0,0,0,0,0,0,0,0,0,0,0,0,0,0,0,0,0,0,0,0,0,0,0,0,0,0,0,0,0,0,0,0,0,0,0,0,0,0,0,0,0,0
"bc2cde19e9041e6305551cfff42d20ca","OTU27","281",0,0,0,0,0,0,0,0,0,0,0,0,0,0,0,0,0,0,0,0,0,0,0,0,0,143483.5502,0,0,0,0,0,0,0,0,0,0,0,0,0,0,0,0,0,0,0,0,0,0,0,0,0,0,0,0,0,0,0,0,0,0,0,0,0,0,0,0,0,0,0,0,0,0,0,0,0
"a6a10ea157a26cc6143e5097466fc2ea","OTU28","279",0,0,0,0,0,0,0,0,0,0,0,0,0,0,0,0,0,0,0,0,0,0,0,0,0,0,0,0,0,0,0,0,0,0,0,0,0,0,0,0,0,0,0,0,0,0,0,0,0,0,0,0,0,0,0,0,0,0,0,0,0,0,0,0,0,0,0,0,0,0,0,0,0,0,0
"a6922aeddb09bef83a3ddd25d91fa0b6","OTU29","271",0,0,0,0,0,0,0,0,0,0,0,0,0,0,0,0,0,0,0,0,0,0,0,0,0,0,0,0,0,0,0,0,0,0,0,0,0,0,0,0,8576.425764,0,0,0,0,0,0,0,0,0,0,44017.6246,0,0,0,0,0,0,0,0,0,0,0,0,0,0,0,0,0,0,0,0,0,0,0
"448fe9f33104415ad12e75cc6917b059","OTU30","261",0,0,0,0,0,0,0,0,0,0,0,0,0,0,0,88652.08451,0,0,0,0,0,0,0,0,0,0,0,0,0,0,0,0,0,0,0,0,0,0,0,0,0,0,0,0,0,0,0,0,0,0,0,0,0,0,0,0,0,0,0,0,0,0,0,0,0,0,0,0,0,0,0,0,0,0,0
"9011046b12ea259c8070d26798e26067","OTU31","245",0,0,0,0,0,0,0,0,0,0,0,0,0,0,0,0,0,0,0,0,0,0,0,0,0,0,0,0,0,0,0,0,0,0,0,0,0,0,0,0,0,0,0,0,19741.08734,18695.77458,14479.96713,0,0,0,0,11790.43516,0,0,0,0,0,0,18932.21788,0,0,0,0,18897.01898,9453.740867,0,0,0,0,12582.55666,0,0,11935.98979,0,0
"cb0b425e565e385869c26d989dbcfd30","OTU32","237",0,0,0,0,0,0,0,0,0,0,0,0,0,0,0,0,0,0,0,0,0,0,0,0,0,0,0,0,0,0,0,0,0,0,0,0,0,0,0,0,0,0,0,0,0,0,0,0,0,0,0,0,0,0,0,0,0,0,131173.2239,111777.0365,0,0,0,0,0,0,0,0,0,0,0,0,27850.64283,0,8674.094112
"0a990a0e629ecf4adcddb2ce646318d3","OTU33","221",0,0,0,0,0,0,0,0,0,0,0,0,0,0,0,0,107505.9931,0,0,0,0,0,0,0,0,0,0,0,0,0,0,0,0,0,0,0,0,0,0,0,0,0,0,0,0,0,0,0,0,0,0,0,0,0,0,0,0,0,0,0,0,0,0,0,0,0,0,0,0,0,0,0,0,0,0
"5b17e9b344e5957d52a24f92a70f1d10","OTU34","220",0,0,0,0,0,245058.725,0,0,0,0,0,0,0,0,0,0,0,0,0,0,0,0,0,0,0,0,0,0,0,0,0,0,0,0,0,0,0,0,0,0,0,0,0,0,0,0,0,0,0,0,0,0,0,0,0,0,0,0,0,0,0,0,0,0,0,0,0,0,0,0,0,0,0,0,0
"463355fed114464c94c8038aea0e936d","OTU35","207",0,0,0,0,0,0,0,0,0,0,0,0,0,0,0,0,0,0,0,0,0,0,0,0,0,0,0,0,0,0,0,0,0,0,0,0,0,0,0,0,0,0,0,0,0,0,0,0,0,0,0,0,0,0,0,0,0,0,0,0,0,0,0,0,0,0,0,0,0,0,0,0,0,0,0
"74c74ec1d29caabeb6d88db23399ea5e","OTU36","172",0,0,0,0,0,0,0,0,0,0,0,0,0,0,0,0,0,0,0,0,0,0,0,0,0,0,0,0,0,0,0,0,0,0,0,0,0,0,0,0,0,0,0,0,0,0,0,0,0,0,0,0,0,0,0,0,0,0,0,0,0,0,0,0,0,0,0,0,0,0,0,0,0,0,0
"b8fee5b0ccb1a5e82a2c67b9b3504659","OTU37","168",0,0,0,0,0,0,0,0,0,0,0,0,0,0,0,0,0,0,0,0,0,0,0,0,0,0,0,0,0,0,0,0,0,0,0,0,0,15686.36378,0,0,17956.89144,0,0,0,0,0,0,0,0,0,0,0,0,0,0,0,0,0,0,0,0,0,69544.65471,0,0,0,0,0,0,0,0,18113.57634,0,0,0
"c18eac7bdb96bba18d0edf52ee065348","OTU38","161",0,0,197640.3969,0,0,0,0,0,0,0,0,0,0,0,0,0,0,0,0,0,0,0,0,0,0,0,0,0,0,0,0,0,0,0,0,0,0,0,0,0,0,0,0,0,0,0,0,0,0,0,0,0,0,0,0,0,0,0,0,0,0,0,0,0,0,0,0,0,0,0,0,0,0,0,0
"26045be7ac22b9b51448d842a7bd467e","OTU39","149",0,0,0,0,0,0,0,0,0,0,0,0,0,0,0,0,0,0,0,0,0,0,0,0,0,0,0,0,0,0,0,0,0,0,0,0,0,0,0,0,0,0,0,0,0,0,0,0,0,0,0,0,0,0,0,0,0,0,0,0,0,0,0,0,0,0,0,0,0,0,0,0,0,0,0
"96069783336dd6788d63b4458f16b43d","OTU40","146",0,0,0,0,0,0,0,0,0,0,0,0,0,0,0,0,0,0,0,0,0,0,0,0,0,0,0,0,0,0,0,0,0,0,0,0,0,0,0,29090.53516,0,0,0,0,59982.53461,0,0,0,0,0,0,0,0,0,0,0,0,0,0,0,0,0,0,0,0,0,0,0,0,0,0,21132.50573,0,0,0
"cc72a133449ea97dd15bcdfbe95408a0","OTU41","127",0,0,0,0,0,0,0,0,0,0,0,0,0,0,0,0,0,0,0,0,0,0,0,0,0,0,0,0,0,0,0,0,0,0,0,0,0,0,0,0,0,0,0,0,0,0,0,0,0,0,0,0,0,0,0,0,0,0,0,0,0,0,0,0,0,19002.66711,0,0,0,0,0,53334.41921,0,0,0
"e3ea3055e0888a58b267ee91a9566c3a","OTU42","127",0,0,0,0,0,0,0,0,0,0,0,0,0,0,0,0,0,73931.19669,0,0,0,0,0,0,0,0,0,0,0,0,0,0,0,0,0,0,0,0,0,0,0,0,0,0,0,0,0,0,0,0,0,0,0,0,0,0,0,0,0,0,0,0,0,0,0,0,0,0,0,0,0,0,0,0,0
"65224155973574b3b6ae80864e7fc19b","OTU43","120",0,0,0,0,0,0,0,0,0,0,0,0,0,0,0,0,0,0,0,0,0,0,0,0,0,0,0,0,0,0,0,0,0,0,0,0,0,0,0,0,0,0,0,0,0,0,0,0,0,0,0,29869.10241,0,0,0,0,0,0,0,0,0,0,0,0,26588.64619,0,0,0,0,0,0,0,0,42833.26054,0
"4aa6512f93207bef92be9bdfee1b5087","OTU44","113",0,0,0,0,0,0,0,0,0,0,0,0,0,0,0,0,54969.12769,0,0,0,0,0,0,0,0,0,0,0,0,0,0,0,0,0,0,0,0,0,0,0,0,0,0,0,0,0,0,0,0,0,0,0,0,0,0,0,0,0,0,0,0,0,0,0,0,0,0,0,0,0,0,0,0,0,0
"7539c0e9849dd78a2890536f4a760639","OTU45","108",0,0,0,0,0,0,0,0,0,0,0,0,0,0,0,0,0,0,0,0,0,0,0,0,0,0,0,0,0,0,0,0,0,0,0,0,0,0,0,0,0,0,0,0,0,0,0,0,0,0,0,0,0,0,0,0,0,0,0,0,0,0,0,0,0,0,0,0,0,0,0,0,0,0,0
"4feed9520a392c75ce8bf025ac6e9289","OTU46","98",0,0,0,0,0,0,0,0,0,0,0,0,0,0,0,0,0,0,0,0,0,0,0,0,0,0,0,0,0,0,0,0,0,0,0,0,0,0,0,0,0,0,0,0,0,0,0,0,0,0,0,0,0,0,0,0,0,0,0,0,0,0,0,0,0,0,0,0,0,0,0,0,0,0,0
"5fb23c9b86774c0a3afa944ddcf38d87","OTU47","98",0,0,0,0,0,0,0,0,0,0,0,0,0,0,0,0,0,0,0,0,0,0,0,0,0,0,0,0,0,0,0,0,0,0,0,0,0,0,0,41211.59147,0,0,0,0,27333.81324,0,0,0,0,0,0,0,0,0,0,0,0,0,0,0,0,0,0,0,0,0,0,22668.39037,0,0,0,0,0,0,0
"c351175d43db1b8c2cec41759687ac7e","OTU48","98",0,0,0,0,0,0,0,0,0,0,0,0,0,0,0,0,0,0,0,0,0,0,0,0,0,0,0,0,0,0,0,0,0,0,0,0,0,0,0,0,9112.452374,0,0,0,0,0,0,0,0,0,52976.41717,0,0,0,0,0,0,0,0,0,0,0,0,0,0,0,0,0,0,0,0,0,0,0,0
"3acd82a7dc08e6cbd21277184725d8b4","OTU49","97",0,0,0,0,0,0,0,0,0,0,0,0,0,0,0,0,0,0,0,0,0,0,0,0,0,0,0,0,0,125077.5625,0,0,0,0,0,0,0,0,0,0,0,0,0,0,0,0,0,0,0,0,0,0,0,0,0,0,0,0,0,0,0,0,0,0,0,0,0,0,0,0,0,0,0,0,0
"6913811ecb4f3c441c217773248f57b4","OTU50","94",0,0,0,32304.12736,0,0,0,0,0,0,0,0,0,0,0,0,0,0,0,0,0,0,0,0,0,0,65134.75775,0,0,0,0,0,0,0,0,0,0,0,0,0,0,0,0,0,0,0,0,0,0,0,0,0,0,0,0,0,0,0,0,0,0,0,0,0,0,0,0,0,0,0,0,0,0,0,0
"be72e1c79ee695c6030672ae8059ab55","OTU51","89",0,0,0,0,0,0,0,0,0,0,0,0,0,0,0,0,0,0,0,0,0,0,0,0,0,0,0,0,0,0,0,0,0,0,0,0,0,0,0,0,0,0,0,0,0,0,0,0,54892.53978,0,0,0,0,0,0,0,0,0,0,0,0,0,0,0,0,0,0,0,0,0,0,0,0,0,16625.34705
"5bc6e621ffb963906e25714c75c3aeb6","OTU52","88",0,0,0,0,0,0,0,0,0,0,0,0,0,0,0,0,0,0,0,0,0,0,0,0,0,0,0,0,0,0,0,0,0,0,0,0,0,0,73531.24067,0,0,0,0,0,0,0,0,0,0,0,0,0,0,0,0,0,0,0,0,0,0,0,0,0,0,0,0,0,0,0,0,0,0,0,0
"df80ffff8495a6bf1107c1d6684685ba","OTU53","86",0,0,0,0,0,0,0,0,0,0,0,0,0,0,0,0,0,0,0,0,0,0,0,0,0,43913.11502,0,0,0,0,0,0,0,0,0,0,0,0,0,0,0,0,0,0,0,0,0,0,0,0,0,0,0,0,0,0,0,0,0,0,0,0,0,0,0,0,0,0,0,0,0,0,0,0,0
"7486d97b19143f478b6f4b7055ddac86","OTU54","82",0,0,0,0,0,0,0,0,0,0,0,0,0,0,0,0,0,0,0,0,0,0,0,0,0,0,0,0,0,0,0,0,0,0,0,0,0,0,0,0,0,0,0,0,0,0,0,0,0,0,0,0,0,0,0,0,85615.0333,0,0,0,33629.27092,0,0,0,0,0,0,0,0,0,0,0,0,0,0
"8155e4b7876ddbf6fa0a35295bbf964d","OTU55","82",0,0,0,0,0,0,0,0,0,0,0,0,0,0,0,0,0,0,0,0,0,0,0,0,85206.16121,0,0,0,0,0,0,0,0,0,0,0,0,0,0,0,0,0,0,0,0,0,0,0,0,0,0,0,0,0,0,0,0,0,0,0,0,0,0,0,0,0,0,0,0,0,0,0,0,0,0
"fb037eea833a50b4152abac97b22ed3a","OTU56","81",0,0,0,0,0,0,0,0,0,0,0,0,0,0,0,0,0,0,0,0,0,97025.06606,0,0,0,0,0,0,0,0,0,0,0,0,0,0,0,0,0,0,0,0,0,0,0,0,0,0,0,0,0,0,0,0,0,0,0,0,0,0,0,0,0,0,0,0,0,0,0,0,0,0,0,0,0
"960f3494a21dabeb25289feaac5d0e7c","OTU57","80",0,0,0,0,0,0,0,0,0,0,0,0,0,0,0,0,0,0,0,0,0,0,0,0,0,0,0,0,0,0,0,0,0,0,0,0,0,0,0,0,0,0,0,0,0,0,0,0,0,0,0,0,0,0,0,0,0,0,0,0,0,0,0,0,0,0,0,0,0,0,0,0,57690.61729,0,0
"836a543acc37d66b8e0aec35cf622f18","OTU58","79",0,0,0,0,0,0,0,0,0,0,0,0,0,0,0,0,0,0,0,0,0,0,0,0,0,0,0,0,0,0,0,0,0,0,0,0,0,0,17547.22789,0,0,0,0,0,0,0,0,0,0,0,0,0,50211.23346,0,0,0,0,0,0,0,0,0,0,0,0,0,0,0,0,0,0,0,0,0,0
"058d2f170d6f4e04abd617617c78f41d","OTU59","75",0,0,0,0,0,0,0,0,0,0,0,0,0,0,0,0,0,0,0,0,0,0,0,0,0,0,0,0,0,0,0,0,0,0,0,0,0,0,0,0,0,0,0,0,0,0,0,0,0,0,0,0,0,0,0,0,0,0,0,0,0,92178.14821,0,0,0,0,0,0,0,0,0,0,0,0,0
"507fcb30411d24ff5b2cf03f1011f438","OTU60","71",0,0,0,0,0,0,0,0,0,0,0,0,0,0,0,0,0,0,0,0,0,0,0,0,0,0,0,0,0,0,0,0,0,0,0,0,0,0,0,0,0,0,0,0,0,0,0,0,0,0,0,0,0,0,0,0,0,0,0,0,0,0,0,0,0,0,0,0,0,0,0,0,0,0,0
"164b284355de9362c752f7b928acd7ae","OTU61","70",0,0,0,0,0,0,0,0,0,0,0,0,0,0,0,0,0,0,0,0,0,0,0,0,0,0,0,0,0,0,0,0,0,0,0,0,0,0,0,0,0,0,0,0,0,0,0,0,0,0,0,0,0,0,0,0,0,0,0,78243.92557,0,0,0,0,0,0,0,0,0,0,0,0,0,0,0
"19e7bc30d9263e6f70c279eda0e481b3","OTU62","70",0,0,0,0,0,0,0,0,0,0,0,0,0,0,0,0,0,0,0,0,0,0,0,0,0,0,0,0,0,0,0,0,0,0,0,0,0,0,0,0,0,0,0,0,0,0,0,0,0,0,0,0,0,0,0,0,0,0,0,0,0,0,0,0,0,0,55816.72591,0,0,0,0,0,0,0,0
"b0b8bb4c55dcec308c80b16e75c9a33c","OTU63","68",0,0,0,0,0,0,0,0,0,0,0,0,0,0,0,0,0,0,0,0,0,0,0,0,0,0,0,0,0,0,0,0,0,0,0,0,0,0,0,0,0,0,0,0,0,39591.05205,0,0,0,0,0,0,0,0,0,0,0,0,0,0,0,0,0,0,0,0,0,0,0,0,0,0,0,0,0
"77ea752a8f70583a84fb315b8f7cde9d","OTU64","65",0,0,0,0,0,0,0,0,0,0,0,0,0,0,0,0,0,0,0,0,0,0,0,0,0,0,0,0,0,0,0,0,0,0,0,0,0,0,0,0,0,0,0,0,0,0,0,0,0,0,0,0,0,0,31848.4193,13268.10252,0,0,0,0,0,22122.75557,0,0,0,0,0,0,0,0,0,0,0,0,0
"94b248c5ea927dda7d02e33c2cbe9fb0","OTU65","63",0,0,0,0,0,0,0,0,0,0,0,0,0,0,0,0,0,0,0,0,0,0,0,0,0,0,0,0,0,0,0,0,0,0,0,0,0,0,0,0,0,0,0,0,0,0,0,0,0,0,0,0,0,0,0,0,0,0,0,0,0,0,0,0,0,0,0,51003.87833,0,0,0,0,0,0,0
"4696ac5ab3c2774ebcc2215dd3c6a6c4","OTU66","55",0,0,0,0,0,0,0,0,0,0,0,0,0,0,0,0,0,0,0,0,0,0,0,0,0,0,0,0,0,0,0,0,0,0,0,0,0,0,0,0,0,0,0,0,0,0,0,0,0,0,0,0,0,0,0,0,0,0,0,0,0,0,0,0,0,0,0,0,0,0,0,0,0,0,0
"90bc4fa10d9d59c06dd1f13caef0a000","OTU67","52",0,0,0,0,0,0,0,0,0,0,0,0,0,0,0,0,0,0,0,0,0,0,71604.97623,0,0,0,0,0,0,0,0,0,0,0,0,0,0,0,0,0,0,0,0,0,0,0,0,0,0,0,0,0,0,0,0,0,0,0,0,0,0,0,0,0,0,0,0,0,0,0,0,0,0,0,0
"01183cc18011e735dc7fbb918926c2d7","OTU68","51",0,0,0,0,0,0,0,0,0,0,0,0,0,0,0,0,0,0,0,0,0,0,0,0,0,0,0,0,0,0,0,0,0,0,0,0,0,0,0,0,0,0,0,0,0,0,0,45111.33799,0,0,0,0,0,0,0,0,0,0,0,0,0,0,0,0,0,0,0,0,0,0,0,0,0,0,0
"ac4bf3b2aed4dc630b23841c80650fe4","OTU69","49",0,0,0,0,0,0,0,0,0,0,0,0,0,0,0,0,0,0,0,0,0,0,0,0,0,0,0,0,0,0,0,0,0,0,0,0,0,0,0,0,0,0,0,0,0,0,0,0,0,0,0,0,0,0,0,0,0,0,0,0,0,0,0,0,0,0,39071.70814,0,0,0,0,0,0,0,0
"bb60916baaa212909f2a4b1c1ad3671d","OTU70","47",0,0,0,0,0,0,0,0,0,0,0,0,0,0,0,0,0,0,0,0,0,0,0,0,0,0,0,0,0,0,0,0,0,0,0,0,0,0,0,0,0,0,0,0,0,0,0,41573.19384,0,0,0,0,0,0,0,0,0,0,0,0,0,0,0,0,0,0,0,0,0,0,0,0,0,0,0
"5a4e662e32677d7f5df64a930ce00e2c","OTU71","45",0,0,0,0,0,0,0,0,0,0,0,0,0,0,0,0,0,0,0,0,0,0,0,0,0,0,0,0,0,0,0,0,0,0,0,0,0,0,0,0,0,0,0,0,0,0,0,0,0,0,0,0,0,0,0,0,0,0,0,0,0,0,0,21804.25267,0,0,0,0,0,0,0,0,0,0,0
"fb69684d58b6174ccc2d27e816261d6b","OTU72","45",0,0,0,0,0,0,0,0,0,0,0,0,0,0,0,0,0,0,0,0,0,0,0,0,0,0,73276.60247,0,0,0,0,0,0,0,0,0,0,0,0,0,0,0,0,0,0,0,0,0,0,0,0,0,0,0,0,0,0,0,0,0,0,0,0,0,0,0,0,0,0,0,0,0,0,0,0
"6bb52722678f86be9f14e373139203e6","OTU73","44",0,0,0,0,0,0,0,0,0,0,0,0,0,0,0,0,0,0,0,0,0,0,0,0,0,0,0,0,0,0,0,0,0,0,0,0,0,0,0,0,0,0,0,0,0,0,0,0,0,0,0,0,0,0,0,0,0,0,0,0,0,0,0,0,0,0,0,0,0,0,0,0,0,0,0
"6e36a4a7d0348d5436b21d5032eeaf6b","OTU74","42",0,0,0,0,0,0,0,0,0,0,0,0,0,0,0,0,0,0,0,0,0,0,0,0,0,0,0,0,0,0,0,0,0,0,0,0,0,0,0,0,0,0,0,0,0,0,0,0,0,0,0,0,0,0,0,0,0,0,0,0,0,0,0,0,0,0,0,0,0,27814.07263,0,0,0,0,0
"c5888be69bad3bf4175fde5c283fe5b5","OTU75","42",0,0,0,0,0,0,0,0,0,0,0,0,0,0,0,0,0,0,0,0,0,0,0,0,0,0,68391.49564,0,0,0,0,0,0,0,0,0,0,0,0,0,0,0,0,0,0,0,0,0,0,0,0,0,0,0,0,0,0,0,0,0,0,0,0,0,0,0,0,0,0,0,0,0,0,0,0
"59a80b528e7553b19976f3ad92e121e5","OTU76","41",0,0,0,0,0,0,0,0,0,0,0,0,0,0,0,0,0,0,0,0,0,0,0,0,0,0,0,0,0,0,0,0,0,0,0,0,0,0,0,0,0,0,0,0,0,0,0,0,0,0,0,0,0,0,0,0,0,0,0,0,0,0,0,0,0,0,0,0,0,27151.8328,0,0,0,0,0
"99f3ee54bdc9167b46a37c28a73d6b08","OTU77","41",0,0,0,0,0,0,0,0,0,0,0,0,0,0,0,0,0,0,0,0,0,0,0,0,0,0,0,0,0,0,0,0,0,0,0,0,0,0,0,0,10988.54551,0,0,0,0,0,0,0,0,0,0,0,0,0,0,0,0,0,0,0,0,0,0,0,0,0,0,0,0,0,0,0,0,0,0
"e823de8d18fb56978e3a9e9bfd36dcb4","OTU78","36",0,0,0,0,0,0,0,0,0,0,0,0,0,0,0,0,0,0,0,0,0,0,0,0,0,0,0,0,0,0,0,0,0,0,0,0,0,0,0,0,0,0,0,0,0,0,0,0,0,0,0,0,0,0,0,0,0,0,0,0,0,0,0,0,0,0,0,0,0,0,0,0,0,0,26022.28234
"3aa965424082a260cff9a041d9708082","OTU79","34",0,0,0,0,0,0,0,0,0,0,0,0,0,0,0,0,0,0,0,0,0,0,0,0,0,0,0,0,0,0,0,0,0,0,0,0,0,0,0,0,0,0,0,0,0,0,0,30074.22533,0,0,0,0,0,0,0,0,0,0,0,0,0,0,0,0,0,0,0,0,0,0,0,0,0,0,0
"47dd7b3a6e42374d5ee323f6c43f8bfb","OTU80","34",0,0,0,0,0,0,0,0,0,0,0,0,0,0,0,0,0,0,0,0,0,0,0,0,0,0,0,0,0,0,0,0,0,0,0,0,0,0,0,0,0,0,0,0,0,0,0,0,0,0,0,0,0,0,0,0,0,0,0,0,0,0,0,0,0,0,0,0,0,0,0,0,0,0,0
"eff8098ca7d76d1062e4b9958423d985","OTU81","34",0,0,0,0,0,0,0,0,0,0,0,0,0,0,0,0,0,0,0,0,0,0,0,0,0,0,0,0,0,0,0,0,0,0,0,0,0,35555.7579,0,0,0,0,0,0,0,0,0,0,0,0,0,0,0,0,0,0,0,0,0,0,0,0,0,0,0,0,0,0,0,0,0,0,0,0,0
"441c3d2fd46d8b41815b1109bcee6d9b","OTU82","32",0,0,0,0,0,0,0,0,0,0,0,0,0,0,0,0,0,0,0,0,0,0,0,0,0,0,0,0,0,0,0,0,0,0,0,0,0,0,0,0,8576.425764,0,0,0,0,0,0,0,0,0,0,0,0,0,0,0,0,0,0,0,0,0,0,0,0,0,0,0,0,0,0,0,0,0,0
"1399965f797b0a435fa6220718dca8b8","OTU83","29",0,0,0,0,0,0,0,0,0,0,0,0,0,0,0,0,0,0,0,0,0,0,0,0,0,0,0,0,0,0,0,0,0,0,0,0,0,0,0,0,0,0,0,0,0,0,0,0,0,0,0,0,0,0,0,0,0,0,0,0,0,0,0,0,0,0,0,0,0,0,0,0,0,0,0
"54c54a6767caae016d152962ff914d0f","OTU84","28",0,0,0,0,0,0,0,0,0,0,0,0,0,0,0,0,0,0,0,0,0,0,0,0,0,0,0,0,0,0,0,0,0,0,0,0,0,0,0,0,0,0,0,0,0,0,0,0,0,0,0,0,0,0,0,0,0,0,0,0,0,0,0,0,0,0,0,0,0,0,0,0,0,0,0
"6a1801380d6e7db822affea8ee23e544","OTU85","26",0,0,0,0,0,0,0,0,0,0,0,0,0,0,0,0,0,0,0,0,0,0,0,0,0,0,0,0,0,0,0,0,0,0,0,0,0,0,0,0,0,0,0,0,0,0,0,0,0,0,0,0,22508.48397,0,0,0,0,0,0,0,0,0,0,0,0,0,0,0,0,0,0,0,0,0,0
"b1222ed36be5b8d1725224140b4ca431","OTU86","25",0,0,0,0,0,0,0,0,0,0,0,0,0,0,0,0,0,0,0,0,0,0,0,0,0,0,0,0,0,0,0,0,0,0,0,0,0,0,0,0,0,0,0,0,0,5498.75723,0,0,0,0,0,0,0,0,0,0,0,0,0,0,0,0,0,0,0,0,0,0,0,0,0,0,0,0,0
"660963363c29929bf68adcbb54cc94e0","OTU87","24",0,0,0,0,0,0,0,0,0,0,0,0,0,0,0,0,0,0,0,0,0,0,0,0,0,0,0,0,0,0,0,0,0,0,0,0,0,0,0,0,0,0,0,0,0,0,0,0,0,0,0,0,0,0,0,0,0,0,0,0,0,0,0,0,0,0,0,0,27862.22841,0,0,0,0,0,0
"bf48996ca03e15fde2422d175b1cdf21","OTU88","24",0,0,0,0,0,0,0,0,0,0,0,0,0,0,0,0,0,0,0,0,0,0,0,0,0,0,0,0,0,0,0,0,0,0,0,0,0,0,20053.97473,0,0,0,0,0,0,0,0,0,0,0,0,0,0,0,0,0,0,0,0,0,0,0,0,0,0,0,0,0,0,0,0,0,0,0,0
"b810cf7808ac1f57178ee19a8d01a55f","OTU89","23",0,0,0,0,0,0,0,0,0,0,0,0,0,0,0,0,0,0,0,0,0,0,0,0,0,0,0,0,0,0,0,0,0,0,0,0,0,0,0,0,0,0,0,0,0,0,0,20344.3289,0,0,0,0,0,0,0,0,0,0,0,0,0,0,0,0,0,0,0,0,0,0,0,0,0,0,0
"e6c3210bc8a65338718b52514f8d2629","OTU90","19",0,0,0,0,0,0,0,0,0,0,0,0,0,0,0,0,0,0,0,0,0,0,0,0,0,0,0,0,0,0,0,0,0,0,0,0,0,0,0,0,0,0,0,0,0,0,0,0,0,0,0,0,0,0,0,0,0,0,0,0,0,0,0,0,0,0,0,0,0,0,0,0,0,0,0
"254d5c44a618408b790c358320d2ba0b","OTU91","18",0,0,0,0,0,0,0,0,0,0,0,0,0,0,0,0,0,0,0,0,0,0,0,0,0,0,0,0,0,0,0,0,0,0,0,0,0,0,0,0,0,0,0,0,0,0,0,0,0,0,0,0,0,0,0,0,23349.55454,0,0,0,0,0,0,0,0,0,0,0,0,0,0,0,0,0,0
"a73702df05f48b764d648ca7df3b876b","OTU92","18",0,0,0,0,0,0,0,0,0,0,0,0,0,0,0,0,0,0,0,0,0,0,0,0,0,0,0,0,0,0,0,0,0,0,0,0,0,0,0,0,0,0,0,0,0,0,0,0,0,0,0,0,0,0,0,0,0,0,0,0,0,0,0,0,0,0,0,0,20896.67131,0,0,0,0,0,0
"3f40f6cd9615a90276e89e2f736f63c8","OTU93","17",0,0,0,0,0,0,0,0,0,0,0,0,0,0,0,0,0,0,0,0,0,0,0,0,0,0,0,0,0,0,0,0,0,0,0,0,0,0,0,0,0,0,0,0,0,0,0,0,0,0,0,0,0,0,0,0,0,0,0,0,0,0,0,0,0,0,0,0,0,0,0,0,0,0,0
"370b0c19211854b1bd0ec240ce54c4b9","OTU94","16",0,0,0,0,0,0,0,0,0,0,0,0,0,0,0,0,0,0,0,0,0,0,0,0,0,0,0,0,0,0,0,0,0,0,0,0,0,0,0,0,0,0,0,0,0,0,0,0,0,0,0,0,0,0,0,0,0,0,0,0,0,0,0,0,0,0,0,0,18574.81894,0,0,0,0,0,0
"4035b63faedd05bf5a127eb375753a03","OTU95","15",0,0,0,0,0,0,0,0,0,0,0,0,0,0,0,0,0,0,0,0,0,0,0,0,0,0,0,0,0,0,0,0,0,0,0,0,0,0,0,0,0,0,0,0,0,0,0,0,0,6584.153443,0,0,0,0,0,0,0,0,0,0,0,0,0,0,0,0,0,0,0,0,0,0,0,0,0
"785690b4bf84aacf13f93633fd447167","OTU96","15",0,0,0,0,0,0,0,0,0,0,0,0,0,0,0,0,0,0,0,0,0,0,0,0,0,0,0,0,0,0,0,0,0,0,0,0,0,0,0,0,0,0,0,0,0,0,0,0,0,0,0,0,0,0,0,0,0,0,0,0,0,0,0,0,0,0,0,0,0,0,6413.040366,0,0,0,0
"2b07aa393166600c7f780603281cf2df","OTU97","14",0,0,0,0,0,0,0,0,0,0,0,0,0,0,0,0,0,0,0,0,0,0,0,0,0,0,0,0,0,0,0,0,0,0,0,0,0,0,0,0,0,0,0,0,0,0,0,0,0,0,0,0,0,0,0,0,0,16386.68839,0,0,0,0,0,0,0,0,0,0,0,0,0,0,0,0,0
"cf99fe6b0ab0ab37db47df18509ce379","OTU98","14",0,0,0,0,0,0,0,0,0,0,0,0,0,0,0,0,0,0,0,0,0,0,0,0,0,0,0,0,0,0,0,0,0,0,0,0,0,0,0,0,0,0,0,0,0,0,0,0,0,0,0,0,0,0,0,0,0,0,18932.21788,0,0,0,0,0,0,0,0,0,0,0,0,0,0,0,0
"d5ee03af983f3359a9db43d40feca18c","OTU99","14",0,0,0,0,0,0,0,0,0,0,0,0,0,0,0,0,0,0,0,0,0,0,0,0,0,0,0,0,0,0,0,0,0,0,0,0,0,0,0,0,0,0,0,0,0,0,0,0,0,0,0,0,0,0,0,0,0,0,0,0,0,0,0,0,0,0,0,0,0,0,5985.504341,0,0,0,0
"050218130fcdcda8cec0ddce9a6fe77f","OTU100","13",0,0,0,0,0,0,0,0,0,0,0,0,0,0,0,0,0,0,0,0,0,0,0,0,0,0,0,0,0,0,0,0,0,0,0,0,0,0,0,0,0,0,0,0,0,0,0,0,0,0,0,0,0,0,0,0,0,0,0,0,0,0,0,0,0,0,0,0,0,0,0,0,0,0,0
"41304e66a52164639537e9fd7573c626","OTU101","13",0,0,0,0,0,0,0,0,0,0,0,0,0,0,0,0,0,0,0,0,0,0,0,0,0,0,0,0,0,0,0,0,0,0,0,0,0,0,0,0,0,0,0,0,0,0,0,0,0,0,0,0,0,0,0,0,0,0,0,0,0,0,0,0,0,0,0,0,0,0,0,13082.02735,0,0,0
"4a37bf847b661ed3fce6cca634d0f00a","OTU102","13",0,0,0,0,0,0,0,0,0,0,0,0,0,0,0,0,0,0,0,0,0,0,0,0,0,0,0,0,0,0,0,0,0,0,0,0,0,0,0,0,0,4161.686788,0,0,0,0,0,0,0,0,0,0,0,0,0,0,0,0,0,0,0,0,0,0,0,0,0,0,0,0,0,0,0,0,0
"238f66a0f9e845917d0c91b47a3a6003","OTU103","12",0,0,0,0,0,0,0,0,0,0,0,0,0,0,0,0,0,0,0,0,0,0,0,0,0,0,0,0,0,0,0,0,0,0,0,0,0,0,0,0,0,0,0,0,0,0,0,0,0,0,0,0,0,0,0,0,0,0,0,0,0,0,0,0,0,0,0,0,0,0,0,0,0,0,0
"b3875d34917ce4e49f453117bfd72ce7","OTU104","12",0,0,0,0,0,0,0,0,0,0,0,0,0,0,0,0,0,0,0,0,0,0,0,0,0,0,0,0,0,0,0,0,0,0,0,0,0,0,0,0,0,0,0,0,0,0,0,0,0,0,0,0,0,0,0,0,0,0,0,0,0,0,0,0,0,0,0,0,0,0,0,0,0,0,0
"b44fb9fa07167d0cef09ebaab29d7dcc","OTU105","12",0,0,0,0,0,0,0,0,0,0,0,0,0,0,0,0,0,0,0,0,0,0,0,0,0,0,0,0,0,0,0,0,0,0,0,0,0,0,0,0,0,0,0,0,0,0,0,0,0,0,0,0,0,0,0,0,0,0,0,0,0,0,0,0,0,0,0,0,0,0,0,12075.71756,0,0,0
"f8e597d157ebefcc44467455bde3e808","OTU106","12",0,0,0,0,0,0,0,0,0,0,0,0,0,0,0,0,0,0,0,0,0,0,0,0,0,0,0,0,0,0,0,0,0,0,0,0,0,0,0,0,0,0,0,0,0,0,0,0,0,0,0,9432.348128,0,0,0,0,0,0,0,0,0,0,0,0,0,0,0,0,0,0,0,0,0,0,0
"c84f628b9454b6efcf740782f472131c","OTU107","10",0,0,0,0,0,0,0,0,0,0,0,0,0,0,0,0,0,0,0,0,0,0,0,0,0,0,0,0,0,0,0,0,0,0,0,13738.0894,0,0,0,0,0,0,0,0,0,0,0,0,0,0,0,0,0,0,0,0,0,0,0,0,0,0,0,0,0,0,0,0,0,0,0,0,0,0,0
"838e03692672b2305235363359185464","OTU108","9",0,0,0,0,0,0,0,0,0,0,0,0,0,0,0,0,0,0,0,0,0,0,0,0,0,0,0,0,0,0,0,0,0,0,0,0,0,0,0,0,0,0,0,0,0,0,0,0,0,0,0,0,0,0,0,0,0,0,0,0,0,0,0,0,0,0,0,0,0,0,0,0,0,0,0
"a580bd5145641200a7fad6108c9ad6a9","OTU109","8",0,0,0,0,0,0,0,0,0,0,0,0,0,0,0,0,0,0,0,0,0,0,0,0,0,0,0,0,0,0,0,0,0,0,0,0,0,0,0,0,0,0,0,0,0,0,0,0,0,0,0,0,0,0,0,0,0,0,0,0,0,0,0,0,0,0,0,0,0,0,0,0,0,0,0
"f97e929e310c4173cbd555dc290e89c7","OTU110","8",0,0,0,0,0,0,0,0,0,0,0,0,0,0,0,0,0,0,0,0,0,0,0,0,0,0,0,0,0,0,0,0,0,0,0,0,0,0,0,0,0,0,0,0,0,0,0,0,0,0,0,0,0,0,0,0,0,0,0,0,0,0,0,0,0,0,0,0,0,0,0,0,0,0,0
"579b1d09252497ed51a7bfa38dd73252","OTU111","7",0,0,0,0,0,0,0,0,0,0,0,0,0,0,0,0,0,0,0,0,0,0,0,0,0,0,0,0,0,0,0,0,0,0,0,0,0,0,0,0,0,0,0,0,0,0,0,0,0,0,0,0,0,0,0,8443.337965,0,0,0,0,0,0,0,0,0,0,0,0,0,0,0,0,0,0,0
"80e682f5023213c62774de606febac75","OTU112","7",0,0,0,0,0,0,0,0,0,0,0,0,0,0,0,0,0,0,0,0,0,0,0,0,0,0,0,0,0,0,0,0,0,0,0,0,0,0,0,0,0,0,0,0,0,0,0,0,0,0,0,0,6059.976453,0,0,0,0,0,0,0,0,0,0,0,0,0,0,0,0,0,0,0,0,0,0
"a2122eafa569021e65b0f08d6dcecc9f","OTU113","7",0,0,0,0,0,0,0,0,0,0,0,0,0,0,0,0,0,0,0,0,0,0,0,0,0,0,0,0,0,0,0,0,0,0,0,0,0,0,0,0,0,0,0,0,0,0,0,0,0,0,0,0,0,24387.46151,0,0,0,0,0,0,0,0,0,0,0,0,0,0,0,0,0,0,0,0,0
"c74ebfff0717003ec440ceee13861616","OTU114","6",0,0,0,0,0,0,0,0,0,0,0,0,0,0,0,0,0,0,0,0,0,0,0,0,0,0,0,0,0,0,0,0,0,0,0,0,0,0,0,0,0,0,0,0,0,0,0,5307.216234,0,0,0,0,0,0,0,0,0,0,0,0,0,0,0,0,0,0,0,0,0,0,0,0,0,0,0
"ceff734997612c59dd6892b03785d631","OTU115","6",0,0,0,0,0,0,0,0,0,0,0,0,0,0,0,0,0,0,0,0,0,0,0,0,0,0,0,0,0,0,0,0,0,0,0,0,0,0,0,0,0,0,0,0,0,0,0,0,0,0,0,0,0,0,0,0,0,0,0,0,0,0,0,0,0,0,0,0,0,0,0,0,0,0,0
"2851728668ca9b7f47e1f5f4b3d484ed","OTU116","5",0,0,0,0,0,0,0,0,0,0,0,0,0,0,0,0,0,0,0,0,0,0,0,0,0,0,0,0,0,0,0,0,0,0,0,0,0,0,0,0,0,0,0,0,0,0,0,4422.680195,0,0,0,0,0,0,0,0,0,0,0,0,0,0,0,0,0,0,0,0,0,0,0,0,0,0,0
"351775bcf383d381eca084661353ec34","OTU117","5",0,0,0,0,0,0,0,0,0,0,0,0,0,0,0,0,0,0,0,0,0,0,0,0,0,0,0,0,0,0,0,0,0,0,0,0,0,0,0,0,0,0,0,0,0,0,0,0,0,0,0,0,0,0,0,0,0,0,0,0,0,0,0,0,0,0,0,0,0,0,0,0,4973.329077,0,0
"b8fb495f720f6049bd9d5c4273247f2b","OTU118","5",0,0,0,0,0,0,0,0,0,0,0,0,0,0,0,0,0,0,0,0,0,0,0,0,0,0,0,0,0,0,0,0,0,0,0,0,0,0,0,0,0,0,0,0,0,0,0,0,0,0,0,0,0,0,0,0,0,0,0,0,0,0,0,0,0,0,0,0,0,0,0,0,0,0,0
"c2b1f4acab43696d3c8f5be2eb89e171","OTU119","5",0,0,0,0,0,0,0,0,0,0,0,0,0,0,0,0,0,0,0,0,0,0,0,0,0,0,0,0,0,0,0,0,0,0,0,0,0,0,0,0,0,0,0,0,0,0,0,0,0,0,0,0,0,0,0,0,0,0,0,0,0,0,0,0,0,0,0,0,5804.630918,0,0,0,0,0,0
"6008aad0416fb6d2c0cd87e26aaaa396","OTU120","4",0,0,0,0,0,0,0,0,0,0,0,0,0,0,0,0,0,0,0,0,0,0,0,0,0,0,0,0,0,0,0,0,0,0,0,0,0,0,0,4848.422526,0,0,0,0,0,0,0,0,0,0,0,0,0,0,0,0,0,0,0,0,0,0,0,0,0,0,0,0,0,0,0,0,0,0,0
"82b895bca6bb7f408e95461263e4ba86","OTU121","4",0,0,0,0,0,0,0,0,0,0,0,0,0,0,0,0,0,0,0,0,0,0,0,0,0,0,0,0,0,0,0,0,0,0,0,0,0,0,0,0,0,0,0,0,0,0,0,0,0,0,0,0,0,0,0,0,0,0,0,0,0,0,0,0,0,0,0,0,0,0,0,0,0,0,0
"299a881ab0944cfe10b10b91e44fd540","OTU122","3",0,0,0,0,0,0,0,0,0,0,0,0,0,0,0,0,0,0,0,0,0,0,0,0,0,0,0,0,0,0,0,0,0,0,0,0,0,0,0,0,0,0,0,0,0,0,0,0,0,0,0,0,0,0,0,0,0,0,0,0,0,0,0,0,0,0,0,0,0,0,0,0,0,0,0
"b16c60c05164d9306e03a917d6c8d944","OTU123","3",0,0,0,0,0,0,0,0,0,0,0,0,0,0,0,0,0,0,0,0,0,0,0,0,0,0,0,0,0,0,0,0,0,0,0,0,0,0,2506.746841,0,0,0,0,0,0,0,0,0,0,0,0,0,0,0,0,0,0,0,0,0,0,0,0,0,0,0,0,0,0,0,0,0,0,0,0
"bcb96e341a0636b1d14b21e72fd31d65","OTU124","3",0,0,0,0,0,0,0,0,0,0,0,0,0,0,0,0,0,0,0,0,0,0,0,0,0,0,0,0,0,0,0,0,0,0,0,0,0,0,0,0,0,0,0,0,0,0,0,0,0,1316.830689,0,0,0,0,0,0,0,0,0,0,0,0,0,0,0,0,0,0,0,0,0,0,0,0,0
"089759550919e828a9f9fa9904b1d80c","OTU125","2",0,0,0,0,0,0,0,0,0,0,0,0,0,0,0,0,0,0,0,0,0,0,0,0,0,0,0,0,0,0,0,0,0,0,0,0,0,0,0,0,0,0,0,0,0,0,0,0,2152.648619,0,0,0,0,0,0,0,0,0,0,0,0,0,0,0,0,0,0,0,0,0,0,0,0,0,0
"699dac6aee2688a9903a4ba803e72262","OTU126","2",0,0,0,0,0,0,0,0,0,0,0,0,0,0,0,0,0,0,0,0,0,0,0,0,0,0,0,0,0,0,0,0,0,0,0,0,0,0,0,0,0,0,0,0,1518.54518,0,0,0,0,0,0,0,0,0,0,0,0,0,0,0,0,0,0,0,0,0,0,0,0,0,0,0,0,0,0
"6d0bfff48503b4c9b645e753a375dedd","OTU127","2",0,0,0,0,0,0,0,0,0,0,0,0,0,0,0,0,0,0,0,0,0,0,0,1616.989734,0,0,0,0,0,0,0,0,0,0,0,0,0,0,0,0,0,0,0,0,0,0,0,0,0,0,0,0,0,0,0,0,0,0,0,0,0,0,0,0,0,0,0,0,0,0,0,0,0,0,0
"7a230118609d5cd9c1cbb4b701fde52f","OTU128","2",0,0,0,0,0,0,0,0,0,0,0,0,0,0,0,0,0,0,0,0,0,0,0,0,0,0,0,0,0,0,0,0,0,0,0,0,0,0,0,2424.211263,0,0,0,0,0,0,0,0,0,0,0,0,0,0,0,0,0,0,0,0,0,0,0,0,0,0,0,0,0,0,0,0,0,0,0
"960ad888ebd1f48754f584df8e968015","OTU129","2",0,0,0,0,0,0,0,0,0,0,0,0,0,0,0,0,0,0,0,0,0,0,0,0,0,0,0,0,0,0,0,0,0,0,0,0,0,0,0,0,0,0,1199.508503,0,0,0,0,0,0,0,0,0,0,0,0,0,0,0,0,0,0,0,0,0,0,0,0,0,0,0,0,0,0,0,0
